Name,USD ,Exchange rate,tJOY
maxlevush,52.5,0.0000350483395,1497931
stwoof,31.75,0.0000354,896893